06.12.2020,AUSTRIA ERSTE LIGA,Licht Loidl Lafnitz - BW Linz,1:0,1:0,3.11,PIN,OVER,Lost,-1
06.12.2020,HOLLAND EERSTE DIVISIE,Den Bosch - NEC Nijmegen,2:2,2:2,2.265,P88,OVER,Lost,-1
06.12.2020,*ITALY SERIE A,Hellas Verona FC - Cagliari,1:1,1:1,3.45,PIN,OVER,Lost,-1
06.12.2020,FRANCE LIGUE 1,Lille OSC - AS Monaco,2:0,2:1,2.036,P88,OVER,Won,1.04
06.12.2020,GERMANY BUNDESLIGA 3,Wehen Wiesbaden - Hansa Rostock,2:1,2:1,1.961,PIN,OVER,Lost,-1
06.12.2020,GERMANY BUNDESLIGA 2,Erzgebirge Aue - Jahn Regensburg,0:2,0:2,2.62,PIN,OVER,Lost,-1
06.12.2020,GERMANY BUNDESLIGA 2,SC Paderborn 07 - Nurnberg,0:2,0:2,2.9,PIN,OVER,Lost,-1
06.12.2020,CZECH REPUBLIC FIRST LEAGUE,FC Zbrojovka Brno - Ceske Budejovice,1:2,1:3,2.15,PIN,OVER,Won,1.15
06.12.2020,GREECE SUPER LEAGUE,OFI Crete - Apollon Smirnis,0:2,0:2,1.925,PIN,OVER,Lost,-1
06.12.2020,TURKEY TFF FIRST LEAGUE,Altinordu - Keciorengucu,0:2,0:2,2.108,P88,OVER,Lost,-1
06.12.2020,*SPAIN LA LIGA,Granada CF - SD Huesca,1:2,3:3,2.116,P88,OVER,Won,1.12
06.12.2020,*ENGLISH PREMIER LEAGUE,Sheffield United - Leicester City,1:1,1:2,3.77,PIN,OVER,Won,2.77
06.12.2020,*GERMANY BUNDESLIGA,Werder Bremen - Stuttgart,0:1,1:2,3.68,PIN,OVER,Won,2.68
06.12.2020,SWITZERLAND SUPER LEAGUE,Luzern - Young Boys,2:3,2:3,1.877,PIN,OVER,Lost,-1
06.12.2020,CZECH REPUBLIC FIRST LEAGUE,Mlada Boleslav - FK Teplice,0:1,0:2,1.932,P88,OVER,Won,0.93
06.12.2020,BELGIUM FIRST DIVISION A,Beerschot VA - KAS Eupen,0:1,0:1,4.344,P88,OVER,Lost,-1
06.12.2020,UKRAINE PREMIER LEAGUE,Desna - Vorskla Poltava,0:0,1:0,2.23,SIN,OVER,Won,1.23
06.12.2020,DENMARK SUPER LEAGUE,FC Copenhagen - AC Horsens,2:0,2:0,2.05,P88,OVER,Lost,-1
06.12.2020,GREECE SUPER LEAGUE,Giannina - Lamia,1:0,2:0,2.472,P88,OVER,Won,1.47
06.12.2020,*SPAIN LA LIGA,Osasuna - Real Betis,0:0,0:2,2.25,P88,OVER,Won,1.25
06.12.2020,SWITZERLAND SUPER LEAGUE,FC Zurich - Lausanne,2:0,4:0,1.859,P88,OVER,Won,0.86
06.12.2020,NORWAY ELITESERIEN,Mjondalen - IK Start,1:0,1:0,1.897,P88,OVER,Lost,-1
06.12.2020,TURKEY TFF FIRST LEAGUE,Adana Demirspor - Akhisar Belediyespor,2:0,2:0,1.699,PIN,OVER,Lost,-1
06.12.2020,AUSTRIA BUNDESLIGA,LASK Linz - SV Ried,2:0,3:0,1.735,PIN,OVER,Won,0.74
06.12.2020,*ENGLISH PREMIER LEAGUE,Tottenham Hotspur - Arsenal,2:0,2:0,2.054,P88,OVER,Lost,-1
06.12.2020,ROMANIA LIGA 1,Politehnica Iasi - CFR Cluj,0:1,0:2,2.199,P88,OVER,Won,1.2
06.12.2020,*SPAIN LA LIGA,Villarreal - Elche,0:0,0:0,2.366,P88,OVER,Lost,-1
06.12.2020,GREECE SUPER LEAGUE,AEK Athens - Panathinaikos,0:2,1:2,2.54,PIN,OVER,Won,1.54
07.12.2020,ROMANIA LIGA 1,Astra Giurgiu - FC Chindia Targoviste,0:0,0:0,2.524,P88,OVER,Lost,-1
07.12.2020,TURKEY SUPER LEAGUE,Trabzonspor - Sivasspor,1:0,1:1,2.08,PIN,OVER,Won,1.08
07.12.2020,ROMANIA LIGA 1,CS Universitatea Craiova - Gaz Metan Medias,3:1,3:1,2.12,PIN,OVER,Lost,-1
07.12.2020,GREECE SUPER LEAGUE,Panetolikos - AE Larissa,1:0,2:1,2.23,PIN,OVER,Won,1.23
07.12.2020,SWITZERLAND CHALLENGE LEAGUE,Grasshoppers Zurich - Neuchatel Xamax,1:0,3:0,1.884,PIN,OVER,Won,0.88
08.12.2020,CZECH REPUBLIC FIRST LEAGUE,FK Jablonec - Bohemians 1905,2:0,2:1,2.161,P88,OVER,Won,1.16
08.12.2020,SWITZERLAND CHALLENGE LEAGUE,Chiasso - Aarau,0:1,0:2,2.93,PIN,OVER,Won,1.93
08.12.2020,GERMANY BUNDESLIGA 3,SV Meppen - Waldhof Mannheim,2:0,2:0,1.787,PIN,OVER,Lost,-1
08.12.2020,SWITZERLAND CHALLENGE LEAGUE,FC Wil - Winterthur,1:0,1:0,2.07,PIN,OVER,Lost,-1
09.12.2020,TURKEY TFF FIRST LEAGUE,Altay - Ankaraspor,2:0,3:0,1.714,PIN,OVER,Won,0.71
09.12.2020,TURKEY SUPER LEAGUE,Hatayspor - Erzurum BB Spor,3:0,3:0,1.963,P88,OVER,Lost,-1
09.12.2020,SWITZERLAND SUPER LEAGUE,FC Basel - Sion,3:2,4:2,1.729,PIN,OVER,Won,0.73
09.12.2020,*UEFA CHAMPIONS LEAGUE,Ajax - Atalanta BC,0:0,0:1,2.236,P88,UNDER,Lost,-1
09.12.2020,*UEFA CHAMPIONS LEAGUE,FC Midtjylland - Liverpool,1:1,1:1,2.25,SIN,UNDER,Won,1.25
10.12.2020,GEORGIA EROVNULI LIGA,Dinamo Tbilisi - FC Merani Tbilisi,2:0,3:0,1.98,SIN,OVER,Won,0.98
10.12.2020,*UEFA EUROPA LEAGUE,Standard Liege - Benfica,2:2,2:2,2.08,PIN,UNDER,Won,1.08
10.12.2020,*UEFA EUROPA LEAGUE,PSV Eindhoven - Omonia Nicosia,2:0,4:0,1.879,P88,OVER,Won,0.88
10.12.2020,*UEFA EUROPA LEAGUE,CSKA Sofia - AS Roma,3:1,3:1,2.262,P88,OVER,Lost,-1
10.12.2020,*UEFA EUROPA LEAGUE,Dundalk - Arsenal,1:3,2:4,1.949,P88,OVER,Won,0.95
10.12.2020,*UEFA EUROPA LEAGUE,PAOK - Granada CF,0:0,0:0,1.46,SIN,UNDER,Won,0.46
10.12.2020,*UEFA EUROPA LEAGUE,Napoli - Real Sociedad,1:0,1:1,2.11,SIN,OVER,Won,1.11
10.12.2020,*UEFA EUROPA LEAGUE,Hapoel Beer Sheva - Nice,1:0,1:0,2.28,SIN,OVER,Lost,-1
10.12.2020,*UEFA EUROPA LEAGUE,Lech Poznan - Rangers,0:2,0:2,2.25,SIN,OVER,Lost,-1
11.12.2020,ROMANIA LIGA 1,Botosani - Astra Giurgiu,1:1,1:1,2.23,PIN,OVER,Lost,-1
11.12.2020,TURKEY SUPER LEAGUE,Kasimpasa SK - Denizlispor,3:1,3:2,5.09,PIN,OVER,Won,4.09
11.12.2020,GERMANY BUNDESLIGA 2,Bochum - SC Paderborn 07,3:0,3:0,2.455,P88,OVER,Lost,-1
11.12.2020,AUSTRIA ERSTE LIGA,Floridsdorfer AC - SKU Amstetten,0:1,0:2,2.177,P88,OVER,Won,1.18
11.12.2020,AUSTRIA ERSTE LIGA,BW Linz - FC Juniors OO,1:0,2:0,1.98,PIN,OVER,Won,0.98
11.12.2020,GERMANY BUNDESLIGA 2,SV Sandhausen 1916 - Greuther Furth,0:2,0:3,2.002,P88,OVER,Won,1.0
12.12.2020,GERMANY BUNDESLIGA 2,Jahn Regensburg - Holstein Kiel,1:3,2:3,1.877,PIN,OVER,Won,0.88
12.12.2020,GERMANY BUNDESLIGA 2,FC Heidenheim - Hannover 96,1:0,1:0,1.98,P88,OVER,Lost,-1
12.12.2020,UKRAINE PREMIER LEAGUE,Vorskla Poltava - FK Minai,1:1,1:1,2.86,PIN,OVER,Lost,-1
12.12.2020,*SPAIN LA LIGA,Valencia - Athletic Club Bilbao,1:1,2:2,2.455,P88,OVER,Won,1.46
12.12.2020,CZECH REPUBLIC FIRST LEAGUE,Ceske Budejovice - MFK Karvina,1:1,1:1,2.64,PIN,OVER,Lost,-1
12.12.2020,GERMANY BUNDESLIGA 3,SC Verl - Viktoria Koln,1:1,1:1,1.917,PIN,UNDER,Won,0.92
12.12.2020,HOLLAND EERSTE DIVISIE,Dordrecht - NEC Nijmegen,0:2,1:2,4.2,PIN,OVER,Won,3.2
12.12.2020,TURKEY SUPER LEAGUE,Rizespor - Goztepe,2:1,3:2,2.031,P88,OVER,Won,1.03
12.12.2020,AUSTRIA ERSTE LIGA,SK Vorwaerts Steyr - FC Dornbirn,1:0,1:1,1.884,PIN,OVER,Won,0.88
12.12.2020,CZECH REPUBLIC FIRST LEAGUE,Opava - Mlada Boleslav,2:2,2:2,2.16,SIN,OVER,Lost,-1
12.12.2020,GERMANY BUNDESLIGA 3,Uerdingen - SV ATA Spor Munchen,1:0,1:0,2,SIN,OVER,Lost,-1
12.12.2020,*GERMANY BUNDESLIGA,RB Leipzig - Werder Bremen,2:0,2:0,1.884,PIN,OVER,Lost,-1
12.12.2020,*GERMANY BUNDESLIGA,Freiburg - Arminia Bielefeld,0:0,2:0,2.4,PIN,OVER,Won,1.4
12.12.2020,*GERMANY BUNDESLIGA,Mainz 05 - FC Koln,0:1,0:1,1.952,PIN,OVER,Lost,-1
12.12.2020,CZECH REPUBLIC FIRST LEAGUE,Pardubice - FC Zbrojovka Brno,2:0,2:1,2.26,PIN,OVER,Won,1.26
12.12.2020,CZECH REPUBLIC FIRST LEAGUE,FK Teplice - SK Sigma Olomouc,1:1,1:1,4.37,PIN,OVER,Lost,-1
12.12.2020,ENGLISH CHAMPIONSHIP,Nottingham Forest - Brentford,0:1,1:3,2.11,PIN,OVER,Won,1.11
12.12.2020,*ENGLISH PREMIER LEAGUE,Newcastle United - West Bromwich Albion,1:1,2:1,2.65,PIN,OVER,Won,1.65
12.12.2020,ENGLISH CHAMPIONSHIP,Derby County - Stoke City,0:0,0:0,2.58,PIN,OVER,Lost,-1
12.12.2020,ENGLISH CHAMPIONSHIP,Wycombe - Coventry,1:2,1:2,2.127,P88,OVER,Lost,-1
12.12.2020,ENGLISH CHAMPIONSHIP,Rotherham - Bristol City,2:0,2:0,2.308,P88,OVER,Lost,-1
12.12.2020,*SPAIN LA LIGA,Getafe - Sevilla,0:0,0:1,2.6,PIN,OVER,Won,1.6
12.12.2020,ENGLISH CHAMPIONSHIP,Birmingham City - Watford,0:0,0:1,2.937,P88,OVER,Won,1.94
12.12.2020,ROMANIA LIGA 1,Gaz Metan Medias - ACS Sepsi OSK Sfantul Gheorghe,0:2,0:3,2.23,SIN,OVER,Won,1.23
12.12.2020,ENGLISH CHAMPIONSHIP,Middlesbrough - Millwall,3:0,3:0,2.285,P88,OVER,Lost,-1
12.12.2020,ENGLISH CHAMPIONSHIP,Blackburn Rovers - Norwich City,1:2,1:2,1.97,P88,OVER,Lost,-1
12.12.2020,BELGIUM FIRST DIVISION A,Royal Excel Mouscron - Beerschot,2:0,3:1,1.944,P88,OVER,Won,0.94
12.12.2020,ENGLISH CHAMPIONSHIP,Sheffield Wednesday - Barnsley,1:2,1:2,2.66,SIN,OVER,Lost,-1
12.12.2020,HOLLAND EREDIVISIE,Groningen - RKC Waalwijk,1:0,2:0,1.9,PIN,OVER,Won,0.9
12.12.2020,TURKEY SUPER LEAGUE,Ankaragucu - Torku Konyaspor,2:3,4:3,2.14,PIN,OVER,Won,1.14
12.12.2020,AUSTRIA BUNDESLIGA,Sturm Graz - FC Admira Wacker Modling,2:0,3:0,2.126,P88,OVER,Won,1.13
12.12.2020,FRANCE LIGUE 1,Marseille - AS Monaco,2:0,2:1,2.03,P88,OVER,Won,1.03
12.12.2020,WALES PREMIER LEAGUE,Connahs Quay - The New Saints,2:0,2:0,1.961,PIN,OVER,Lost,-1
12.12.2020,UKRAINE PREMIER LEAGUE,FC Rukh Vynnyky - Dnipro-1,3:0,4:1,2.21,PIN,OVER,Won,1.21
12.12.2020,BELGIUM FIRST DIVISION A,KV Kortrijk - Oud-Heverlee Leuven,0:2,0:3,2.58,PIN,OVER,Won,1.58
12.12.2020,BELGIUM FIRST DIVISION A,Cercle Brugge - Oostende,0:1,0:1,1.943,PIN,OVER,Lost,-1
12.12.2020,*SPAIN LA LIGA,SD Huesca - Deportivo Alaves,1:0,1:0,2.25,PIN,OVER,Lost,-1
12.12.2020,CZECH REPUBLIC FIRST LEAGUE,FK Jablonec - Viktoria Plzen,2:2,3:2,1.988,P88,OVER,Won,0.99
12.12.2020,*ENGLISH PREMIER LEAGUE,Manchester United - Manchester City,0:0,0:0,1.85,SIN,UNDER,Won,0.85
12.12.2020,*GERMANY BUNDESLIGA,Union Berlin - Bayern Munich,1:1,1:1,2.36,P88,UNDER,Won,1.36
13.12.2020,ROMANIA LIGA 1,Academica Clinceni - Arges Pitesti,0:0,1:0,2.31,PIN,OVER,Won,1.31
13.12.2020,AUSTRIA ERSTE LIGA,Austria Klagenfurt - FC Liefering,2:2,2:2,2.07,SIN,OVER,Lost,-1
13.12.2020,TURKEY TFF FIRST LEAGUE,Altinordu - Akhisar Belediyespor,3:1,3:2,3.37,PIN,OVER,Won,2.37
13.12.2020,HOLLAND EREDIVISIE,Vitesse Arnhem - Heerenveen,1:1,1:1,1.9,SIN,UNDER,Won,0.9
13.12.2020,FRANCE LIGUE 1,Nice - Rennes,0:1,0:1,2.15,PIN,OVER,Lost,-1
13.12.2020,GERMANY BUNDESLIGA 3,Saarbrucken - Bayern Munich II,1:2,1:2,3.46,PIN,OVER,Lost,-1
13.12.2020,*ENGLISH PREMIER LEAGUE,Southampton - Sheffield United,2:0,3:0,2.102,P88,OVER,Won,1.1
13.12.2020,GERMANY BUNDESLIGA 2,Nurnberg - Wurzburger Kickers,1:1,2:1,1.943,P88,UNDER,Lost,-1
13.12.2020,GERMANY BUNDESLIGA 2,Eintracht Braunschweig - Osnabruck,0:2,0:2,2.1,PIN,OVER,Lost,-1
13.12.2020,GERMANY BUNDESLIGA 2,St Pauli - Erzgebirge Aue,0:1,2:2,1.925,PIN,OVER,Won,0.93
13.12.2020,TURKEY TFF FIRST LEAGUE,Tuzlaspor - Keciorengucu,1:0,1:0,2.124,P88,OVER,Lost,-1
13.12.2020,DENMARK SUPER LEAGUE,AaB - Lyngby,2:2,3:2,1.871,P88,OVER,Won,0.87
13.12.2020,*SPAIN LA LIGA,Real Sociedad - SD Eibar,1:1,1:1,2.26,PIN,OVER,Lost,-1
13.12.2020,DENMARK SUPER LEAGUE,AC Horsens - Aarhus AGF,1:1,1:2,1.94,SIN,UNDER,Lost,-1
13.12.2020,HOLLAND EREDIVISIE,Willem II - Sparta Rotterdam,0:3,1:3,1.98,PIN,OVER,Won,0.98
13.12.2020,AUSTRIA BUNDESLIGA,Wolfsberger AC - Austria Vienna,2:2,3:2,2.01,SIN,OVER,Won,1.01
13.12.2020,FRANCE LIGUE 1,Lorient - Nimes Olympique,2:0,3:0,2.02,PIN,OVER,Won,1.02
13.12.2020,*ITALY SERIE A,Atalanta - Fiorentina,3:0,3:0,2.01,PIN,OVER,Lost,-1
13.12.2020,FRANCE LIGUE 1,Nantes - Dijon,1:1,1:1,1.8,SIN,UNDER,Won,0.8
13.12.2020,*ENGLISH PREMIER LEAGUE,Crystal Palace - Tottenham Hotspur,0:1,1:1,2.12,SIN,OVER,Won,1.12
13.12.2020,BELGIUM FIRST DIVISION B,Seraing United - RWD Molenbeek,0:1,0:1,3.61,PIN,OVER,Lost,-1
13.12.2020,UKRAINE PREMIER LEAGUE,Desna - Illychivets Mariupol,2:0,2:0,1.892,PIN,OVER,Lost,-1
13.12.2020,SWITZERLAND SUPER LEAGUE,Lausanne - St Gallen,0:1,0:1,3.6,PIN,OVER,Lost,-1
13.12.2020,SWITZERLAND SUPER LEAGUE,Lugano - FC Zurich,0:1,0:1,2,PIN,OVER,Lost,-1
13.12.2020,DENMARK SUPER LEAGUE,FC Nordsjaelland - FC Copenhagen,0:0,0:1,2.16,P88,UNDER,Lost,-1
13.12.2020,CZECH REPUBLIC FIRST LEAGUE,FC Slovacko - Sparta Prague,1:1,1:2,2.282,P88,OVER,Won,1.28
13.12.2020,*SPAIN LA LIGA,Real Betis - Villarreal,1:1,1:1,1.84,SIN,UNDER,Won,0.84
13.12.2020,TURKEY TFF FIRST LEAGUE,Giresunspor - Adana Demirspor,1:0,2:0,3.47,PIN,OVER,Won,2.47
13.12.2020,ROMANIA LIGA 1,Hermannstadt Sibiu - CS Voluntari,2:2,3:2,2.09,SIN,OVER,Won,1.09
13.12.2020,FRANCE LIGUE 1,Lille - Bordeaux,2:1,2:1,2.164,P88,OVER,Lost,-1
13.12.2020,DENMARK SUPER LEAGUE,Brondby IF - Sonderjyske,1:1,2:1,1.851,P88,UNDER,Lost,-1
13.12.2020,CZECH REPUBLIC FIRST LEAGUE,Slavia Prague - Slovan Liberec,2:0,3:0,2.04,PIN,OVER,Won,1.04
13.12.2020,*SPAIN LA LIGA,Elche - Granada CF,0:1,0:1,2.149,P88,OVER,Lost,-1
14.12.2020,TURKEY TFF FIRST LEAGUE,Menemen Belediyespor - Istanbulspor Region,1:1,1:2,4.39,PIN,OVER,Won,3.39
14.12.2020,TURKEY SUPER LEAGUE,Sivasspor - Antalyaspor,0:0,0:0,2.517,P88,OVER,Lost,-1
14.12.2020,ROMANIA LIGA 1,UTA Arad - CS Universitatea Craiova,1:2,1:2,2.201,P88,OVER,Lost,-1
14.12.2020,GREECE SUPER LEAGUE 1,Asteras Tripolis - Atromitos Athens,1:0,2:0,2.54,P88,OVER,Won,1.54
14.12.2020,DENMARK SUPER LEAGUE,OB Odense BK - FC Midtjylland,1:1,1:1,1.874,P88,UNDER,Won,0.87
15.12.2020,CZECH REPUBLIC FIRST LEAGUE,MFK Karvina - FK Jablonec,0:1,2:2,2.118,P88,OVER,Won,1.12
15.12.2020,CZECH REPUBLIC FIRST LEAGUE,Mlada Boleslav - Banik Ostrava,1:2,1:3,2.223,P88,OVER,Won,1.22
15.12.2020,GEORGIA EROVNULI LIGA,Chikhura Sachkhere - FC Samgurali Tskaltubo,0:0,0:2,2.54,PIN,OVER,Won,1.54
15.12.2020,TURKEY TFF FIRST LEAGUE,Balikesirspor - Samsunspor,1:2,1:3,2.108,P88,OVER,Won,1.11
15.12.2020,ROMANIA LIGA 1,Astra Giurgiu - Gaz Metan Medias,3:0,3:0,2.19,PIN,OVER,Lost,-1
15.12.2020,*GERMANY BUNDESLIGA,Eintracht Frankfurt - Borussia Monchengladbach,3:1,3:3,2.61,PIN,OVER,Won,1.61
15.12.2020,GERMANY BUNDESLIGA 2,SpVgg Greuther Furth - SV Darmstadt 98,0:3,0:4,1.97,PIN,OVER,Won,0.97
15.12.2020,GERMANY BUNDESLIGA 2,Hamburger SV - SV Sandhausen,2:0,4:0,1.884,PIN,OVER,Won,0.88
15.12.2020,GERMANY BUNDESLIGA 2,Hannover - Bochum,2:0,2:0,1.74,SIN,OVER,Lost,-1
15.12.2020,GERMANY BUNDESLIGA 3,SV ATA Spor Munchen - Hallescher,0:3,0:3,1.89,SIN,OVER,Lost,-1
15.12.2020,SWITZERLAND CHALLENGE LEAGUE,SC Kriens - Aarau,1:2,1:3,1.99,PIN,OVER,Won,0.99
15.12.2020,SWITZERLAND CHALLENGE LEAGUE,Stade Lausanne-Ouchy - Winterthur,1:0,1:1,1.92,SIN,OVER,Won,0.92
15.12.2020,SWITZERLAND CHALLENGE LEAGUE,Grasshoppers Zurich - Chiasso,1:1,2:1,4.47,PIN,OVER,Won,3.47
15.12.2020,*GERMANY BUNDESLIGA,Werder Bremen - Borussia Dortmund,1:1,1:2,1.97,PIN,UNDER,Lost,-1
15.12.2020,*ITALY SERIE A,Benevento - Lazio,1:1,1:1,4.01,PIN,OVER,Lost,-1
15.12.2020,ENGLISH CHAMPIONSHIP,Bristol City - Millwall,0:2,0:2,2.36,PIN,OVER,Lost,-1
15.12.2020,ENGLISH CHAMPIONSHIP,Barnsley - Preston,1:1,2:1,2.56,SIN,OVER,Won,1.56
15.12.2020,*ENGLISH PREMIER LEAGUE,Manchester City - West Bromwich Albion,1:1,1:1,2.47,SIN,UNDER,Won,1.47
15.12.2020,*GERMANY BUNDESLIGA,Hertha Berlin - Mainz 05,0:0,0:0,2.293,P88,OVER,Lost,-1
15.12.2020,ENGLISH CHAMPIONSHIP,Nottingham Forest - Sheffield Wednesday,1:0,2:0,2.338,P88,OVER,Won,1.34
16.12.2020,CZECH REPUBLIC FIRST LEAGUE,FC Zbrojovka Brno - FC Slovacko,0:0,2:1,2.295,P88,OVER,Won,1.29
16.12.2020,ROMANIA LIGA 1,FC Politehnica Iasi - Academica Clinceni,0:0,0:0,2.36,PIN,OVER,Lost,-1
16.12.2020,CZECH REPUBLIC FIRST LEAGUE,Sparta Prague - Pardubice,1:0,2:0,1.992,P88,OVER,Won,0.99
16.12.2020,ROMANIA LIGA 1,SCM Argesul Pitesti - Hermannstadt,1:2,2:2,2.14,SIN,OVER,Won,1.14
16.12.2020,SWITZERLAND SUPER LEAGUE,Luzern - FC Zurich,0:0,0:0,1.949,P88,UNDER,Won,0.95
16.12.2020,ENGLISH CHAMPIONSHIP,Derby County - Swansea City,2:0,2:0,2.168,P88,OVER,Lost,-1
16.12.2020,ROMANIA LIGA 1,SC FC Voluntari SA - FC Chindia Targoviste,0:2,0:2,2.27,PIN,OVER,Lost,-1
16.12.2020,GERMANY BUNDESLIGA 2,Holstein Kiel - Nurnberg,0:0,1:0,2.335,P88,OVER,Won,1.33
16.12.2020,GERMANY BUNDESLIGA 2,Fortuna Dusseldorf - Osnabruck,1:0,3:0,2.135,P88,OVER,Won,1.13
16.12.2020,*GERMANY BUNDESLIGA,Schalke 04 - Freiburg,0:2,0:2,2.01,PIN,OVER,Lost,-1
16.12.2020,*ITALY SERIE A,Juventus - Atalanta BC,1:1,1:1,2.06,SIN,UNDER,Won,1.06
16.12.2020,GREECE SUPER LEAGUE 1,AEK Athens - Olympiakos,0:1,1:1,2.03,SIN,OVER,Won,1.03
16.12.2020,FRANCE LIGUE 1,Montpellier HSC - Metz,0:1,0:2,2.03,SIN,OVER,Won,1.03
16.12.2020,FRANCE LIGUE 1,Dijon - Lille,0:1,0:2,2.25,SIN,OVER,Won,1.25
16.12.2020,GERMANY BUNDESLIGA 3,Viktoria Koln - Uerdingen,0:2,0:2,2.09,SIN,OVER,Lost,-1
16.12.2020,GERMANY BUNDESLIGA 3,SV Meppen - FSV Zwickau,0:2,1:2,2.07,SIN,OVER,Won,1.07
16.12.2020,GERMANY BUNDESLIGA 3,Bayern Munich II - Duisburg,1:1,1:1,2.17,SIN,UNDER,Won,1.17
16.12.2020,FRANCE LIGUE 1,Angers SCO - Strasbourg,0:0,0:2,2.4,SIN,OVER,Won,1.4
16.12.2020,GERMANY BUNDESLIGA 3,Ingolstadt - Hansa Rostock,1:0,1:0,2.2,SIN,OVER,Lost,-1
16.12.2020,*ENGLISH PREMIER LEAGUE,Leeds United - Newcastle United,2:2,5:2,2.26,SIN,UNDER,Lost,-1
16.12.2020,ENGLISH CHAMPIONSHIP,Cardiff City - Birmingham City,1:2,3:2,2.23,SIN,OVER,Won,1.23
16.12.2020,*GERMANY BUNDESLIGA,Arminia Bielefeld - Augsburg,0:0,0:1,2.297,P88,OVER,Won,1.3
16.12.2020,*ITALY SERIE A,Genoa - AC Milan,2:1,2:2,2.061,P88,OVER,Won,1.06
16.12.2020,ENGLISH CHAMPIONSHIP,Reading - Norwich City,1:2,1:2,2.219,P88,OVER,Lost,-1
16.12.2020,*ENGLISH PREMIER LEAGUE,Fulham - Brighton and Hove Albion,0:0,0:0,2.3,P88,OVER,Lost,-1
16.12.2020,BELGIUM FIRST DIVISION A,Gent - Waasland-Beveren,2:0,3:0,1.754,P88,OVER,Won,0.75
16.12.2020,*ITALY SERIE A,Hellas Verona FC - Sampdoria,1:2,1:2,2.06,SIN,OVER,Lost,-1
16.12.2020,*ITALY SERIE A,Fiorentina - Sassuolo,1:1,1:1,2.38,SIN,OVER,Lost,-1
16.12.2020,ENGLISH CHAMPIONSHIP,Coventry - Huddersfield Town,0:0,0:0,2.56,SIN,OVER,Lost,-1
17.12.2020,ROMANIA LIGA 1,ACS Sepsi OSK Sfantul Gheorghe - UTA Arad,1:0,3:0,2.22,PIN,OVER,Won,1.22
17.12.2020,SWITZERLAND SUPER LEAGUE,FC Vaduz - Lausanne,0:2,0:2,1.98,PIN,OVER,Lost,-1
17.12.2020,ROMANIA LIGA 1,Dinamo Bucharest - CFR Cluj,0:2,0:2,2.26,SIN,OVER,Lost,-1
17.12.2020,GERMANY BUNDESLIGA 2,Erzgebirge Aue - Karlsruher SC,3:1,4:1,3.93,PIN,OVER,Won,2.93
17.12.2020,*ENGLISH PREMIER LEAGUE,Sheffield United - Manchester United,1:3,2:3,1.9,SIN,OVER,Won,0.9
18.12.2020,GERMANY BUNDESLIGA 2,Jahn Regensburg - Hannover 96,0:0,0:0,1.819,PIN,UNDER,Won,0.82
18.12.2020,GERMANY BUNDESLIGA 2,Bochum - FC Heidenheim,2:0,3:0,2,PIN,OVER,Won,1
18.12.2020,SWITZERLAND CHALLENGE LEAGUE,Stade Lausanne-Ouchy - Neuchatel Xamax,1:0,1:0,3.364,P88,OVER,Lost,-1
18.12.2020,ROMANIA LIGA 1,CS Universitatea Craiova - Steaua Bucharest,0:2,0:2,2.16,PIN,OVER,Lost,-1
18.12.2020,SWITZERLAND CHALLENGE LEAGUE,Winterthur - FC Wil,3:1,3:2,2.78,PIN,OVER,Won,1.78
18.12.2020,BELGIUM FIRST DIVISION B,Club Brugge NXT - Lommel SK,0:1,0:2,1.923,P88,OVER,Won,0.92
18.12.2020,HOLLAND EREDIVISIE,FC Zwolle - Emmen,0:0,0:0,1.72,SIN,UNDER,Won,0.72
19.12.2020,TURKEY TFF FIRST LEAGUE,Bandirmaspor - Ankaraspor,1:1,2:1,2.01,SIN,UNDER,Lost,-1
19.12.2020,TURKEY TFF FIRST LEAGUE,Keciorengucu - Balikesirspor,1:1,2:1,2.04,SIN,UNDER,Lost,-1
19.12.2020,GERMANY BUNDESLIGA 2,SV Darmstadt 98 - Wurzburger Kickers,1:0,2:0,4.45,PIN,OVER,Won,3.45
19.12.2020,GERMANY BUNDESLIGA 2,Eintracht Braunschweig - Greuther Furth,0:1,0:3,1.97,PIN,OVER,Won,0.97
19.12.2020,ENGLISH CHAMPIONSHIP,Norwich City - Cardiff City,2:0,2:0,2.05,PIN,OVER,Lost,-1
19.12.2020,GERMANY BUNDESLIGA 3,Viktoria Koln - Dynamo Dresden,2:2,2:4,2.21,PIN,OVER,Won,1.21
19.12.2020,CZECH REPUBLIC FIRST LEAGUE,Marila Pribram - MFK Karvina,0:1,0:1,2.21,PIN,OVER,Lost,-1
19.12.2020,TURKEY SUPER LEAGUE,Yeni Malatyaspor - Kasimpasa SK,2:0,2:0,1.793,PIN,OVER,Lost,-1
19.12.2020,HOLLAND EERSTE DIVISIE,De Graafschap - Jong FC Utrecht,2:0,3:1,1.739,P88,OVER,Won,0.74
19.12.2020,CZECH REPUBLIC FIRST LEAGUE,FK Jablonec - Ceske Budejovice,2:1,2:1,2.02,SIN,OVER,Lost,-1
19.12.2020,GERMANY BUNDESLIGA 3,Uerdingen - Kaiserslautern,0:2,0:2,2.03,SIN,OVER,Lost,-1
19.12.2020,TURKEY SUPER LEAGUE,Trabzonspor - Rizespor,2:1,2:1,2.076,P88,OVER,Lost,-1
19.12.2020,*SPAIN LA LIGA,Atletico Madrid - Elche CF,2:1,3:1,2.293,P88,OVER,Won,1.29
19.12.2020,*ITALY SERIE A,Fiorentina - Hellas Verona,1:1,1:1,2.36,PIN,OVER,Lost,-1
19.12.2020,*GERMANY BUNDESLIGA,RB Leipzig - FC Koln,0:0,0:0,1.787,PIN,UNDER,Won,0.79
19.12.2020,*GERMANY BUNDESLIGA,Schalke 04 - Arminia Bielefeld,0:1,0:1,1.952,PIN,OVER,Lost,-1
19.12.2020,*GERMANY BUNDESLIGA,FSV Mainz 05 - Werder Bremen,0:0,0:1,2.3,PIN,OVER,Won,1.3
19.12.2020,ENGLISH CHAMPIONSHIP,Brentford - Reading,3:1,3:1,2.29,PIN,OVER,Lost,-1
19.12.2020,CZECH REPUBLIC FIRST LEAGUE,Slovan Liberec - Mlada Boleslav,2:0,3:0,2.25,PIN,OVER,Won,1.25
19.12.2020,ENGLISH CHAMPIONSHIP,Sheffield Wednesday - Coventry,1:0,1:0,2.37,PIN,OVER,Lost,-1
19.12.2020,ENGLISH CHAMPIONSHIP,Swansea City - Barnsley,2:0,2:0,2.55,P88,OVER,Lost,-1
19.12.2020,ENGLISH CHAMPIONSHIP,Stoke City - Blackburn Rovers,1:0,1:0,2.11,PIN,OVER,Lost,-1
19.12.2020,ENGLISH CHAMPIONSHIP,Huddersfield Town - Watford,2:0,2:0,2.5,PIN,OVER,Lost,-1
19.12.2020,ENGLISH CHAMPIONSHIP,Wycombe - Queens Park Rangers,0:1,1:1,1.928,P88,OVER,Won,0.93
19.12.2020,*SPAIN LA LIGA,Barcelona - Valencia,2:2,2:2,2.61,SIN,UNDER,Won,1.61
19.12.2020,ENGLISH CHAMPIONSHIP,Birmingham City - Middlesbrough,1:3,1:4,2.56,SIN,OVER,Won,1.56
19.12.2020,AUSTRIA BUNDESLIGA,Hartberg - SCR Altach,0:0,1:0,1.719,PIN,UNDER,Lost,-1
19.12.2020,TURKEY TFF FIRST LEAGUE,Altay - Akhisar Belediyespor,1:1,2:1,2.06,PIN,UNDER,Lost,-1
19.12.2020,AUSTRIA BUNDESLIGA,Sturm Graz - St Polten,2:0,3:0,1.724,PIN,OVER,Won,0.72
19.12.2020,HOLLAND EERSTE DIVISIE,NEC Nijmegen - FC Oss,0:1,0:1,2.639,P88,OVER,Lost,-1
19.12.2020,AUSTRIA BUNDESLIGA,FC Admira Wacker Modling - Rapid Vienna,0:1,0:1,4.105,P88,OVER,Lost,-1
19.12.2020,FRANCE LIGUE 1,Metz - Lens,1:0,2:0,2.09,PIN,OVER,Won,1.09
19.12.2020,WALES PREMIER LEAGUE,Flint Town United - Aberystwyth,1:0,3:0,2.19,PIN,OVER,Won,1.19
19.12.2020,*ITALY SERIE A,Sampdoria - Crotone,3:1,3:1,2.818,P88,OVER,Lost,-1
19.12.2020,SWITZERLAND SUPER LEAGUE,Young Boys - Lugano,2:2,2:2,1.963,P88,OVER,Lost,-1
19.12.2020,*ENGLISH PREMIER LEAGUE,Everton - Arsenal,2:1,2:1,2.12,PIN,OVER,Lost,-1
19.12.2020,NORTHERN IRELAND PREMIERSHIP,Cliftonville - Coleraine,0:1,0:2,2.81,PIN,OVER,Won,1.81
19.12.2020,GREECE SUPER LEAGUE 1,OFI Crete - Aris Thessaloniki,0:3,0:3,2.414,P88,OVER,Lost,-1
19.12.2020,HOLLAND EREDIVISIE,VVV Venlo - FC Twente Enschede,1:2,1:2,1.879,P88,OVER,Lost,-1
19.12.2020,FRANCE LIGUE 1,Marseille - Reims,1:1,1:1,2.33,PIN,OVER,Lost,-1
20.12.2020,HOLLAND EREDIVISIE,Vitesse Arnhem - Feyenoord,1:0,1:0,2.46,PIN,OVER,Lost,-1
20.12.2020,*ITALY SERIE A,Torino - Bologna,1:0,1:1,2.061,P88,OVER,Won,1.06
20.12.2020,GERMANY BUNDESLIGA 3,SC Verl - Turkgucu Munchen,0:1,0:1,2.55,PIN,OVER,Lost,-1
20.12.2020,FRANCE LIGUE 1,Brest - Montpellier HSC,1:1,2:2,2.41,PIN,OVER,Won,1.41
20.12.2020,ROMANIA LIGA 1,Hermannstadt - CSM Politehnica Iasi,0:1,0:1,2.53,SIN,OVER,Lost,-1
20.12.2020,GERMANY BUNDESLIGA 2,Nurnberg - Erzgebirge Aue,1:0,1:0,1.98,PIN,OVER,Lost,-1
20.12.2020,GERMANY BUNDESLIGA 2,SV Sandhausen 1916 - Holstein Kiel,0:1,0:2,1.934,PIN,OVER,Won,0.93
20.12.2020,GERMANY BUNDESLIGA 3,FSV Zwickau - Hansa Rostock,0:2,0:2,2.31,PIN,OVER,Lost,-1
20.12.2020,CZECH REPUBLIC FIRST LEAGUE,Pardubice - Fastav Zlin,0:0,0:0,2.612,P88,OVER,Lost,-1
20.12.2020,*SPAIN LA LIGA,Celta Vigo - Alaves,1:0,2:0,2.187,P88,OVER,Won,1.19
20.12.2020,AUSTRIA BUNDESLIGA,WSG Wattens - SV Ried,1:3,1:3,2.43,PIN,OVER,Lost,-1
20.12.2020,FRANCE LIGUE 1,AS Saint Etienne - Nimes,2:2,2:2,2.05,PIN,OVER,Lost,-1
20.12.2020,*ITALY SERIE A,Benevento - Genoa,1:0,2:0,2.2,PIN,OVER,Won,1.2
20.12.2020,*ITALY SERIE A,Inter Milan - Spezia,2:0,2:1,1.763,PIN,OVER,Won,0.76
20.12.2020,*ITALY SERIE A,Cagliari - Udinese,1:1,1:1,3.06,PIN,OVER,Lost,-1
20.12.2020,FRANCE LIGUE 1,Strasbourg - Bordeaux,0:2,0:2,2.1,PIN,OVER,Lost,-1
20.12.2020,*ITALY SERIE A,Sassuolo - AC Milan,0:2,1:2,1.925,PIN,OVER,Won,0.93
20.12.2020,FRANCE LIGUE 1,Dijon - AS Monaco,0:1,0:1,2.12,PIN,OVER,Lost,-1
20.12.2020,*ENGLISH PREMIER LEAGUE,Tottenham Hotspur - Leicester City,0:2,0:2,2.89,PIN,OVER,Lost,-1
20.12.2020,*GERMANY BUNDESLIGA,Freiburg - Hertha Berlin,3:1,4:1,2.353,P88,OVER,Won,1.35
20.12.2020,FRANCE LIGUE 1,Nantes - Angers SCO,0:1,1:1,2.16,SIN,OVER,Won,1.16
20.12.2020,SWITZERLAND SUPER LEAGUE,Sion - FC Vaduz,1:0,2:1,2.34,PIN,OVER,Won,1.34
20.12.2020,DENMARK SUPER LEAGUE,Aarhus AGF - Aalborg BK,3:0,3:0,2.44,PIN,OVER,Lost,-1
20.12.2020,CZECH REPUBLIC FIRST LEAGUE,FC Slovacko - Viktoria Plzen,2:0,4:0,2.24,PIN,OVER,Won,1.24
20.12.2020,*SPAIN LA LIGA,Granada CF - Real Betis,2:0,2:0,2.021,P88,OVER,Lost,-1
20.12.2020,FRANCE LIGUE 1,Lorient - Rennes,0:2,0:3,2.221,P88,OVER,Won,1.22
20.12.2020,AUSTRIA BUNDESLIGA,Austria Vienna - LASK Linz,1:1,1:1,2.044,P88,UNDER,Won,1.04
20.12.2020,*GERMANY BUNDESLIGA,Wolfsburg - Stuttgart,1:0,1:0,2.33,PIN,OVER,Lost,-1
20.12.2020,*ITALY SERIE A,Atalanta - AS Roma,3:1,4:1,2.79,PIN,OVER,Won,1.79
20.12.2020,BELGIUM FIRST DIVISION A,Standard Liege - Mouscron Peruwelz,0:1,0:1,2.814,P88,OVER,Lost,-1
20.12.2020,DENMARK SUPER LEAGUE,FC Copenhagen - OB Odense BK,1:1,1:1,1.89,SIN,UNDER,Won,0.89
20.12.2020,CZECH REPUBLIC FIRST LEAGUE,Slavia Prague - Bohemians 1905,2:1,2:1,1.977,P88,OVER,Lost,-1
20.12.2020,*SPAIN LA LIGA,Cadiz - Getafe,0:1,0:2,2.61,SIN,OVER,Won,1.61
20.12.2020,GREECE SUPER LEAGUE 1,PAOK - Panathinaikos,2:1,2:1,2.128,P88,OVER,Lost,-1
21.12.2020,TURKEY TFF FIRST LEAGUE,Samsunspor - Boluspor,1:0,1:0,1.98,PIN,OVER,Lost,-1
21.12.2020,TURKEY SUPER LEAGUE,Torku Konyaspor - Sivasspor,0:1,0:1,2.4,SIN,OVER,Lost,-1
21.12.2020,TURKEY TFF FIRST LEAGUE,Giresunspor - Altinordu,1:0,2:0,2.11,SIN,OVER,Won,1.11
21.12.2020,*ENGLISH PREMIER LEAGUE,Burnley - Wolverhampton Wanderers,2:0,2:1,2.1,PIN,OVER,Won,1.1
21.12.2020,DENMARK SUPER LEAGUE,FC Midtjylland - FC Nordsjaelland,3:1,3:1,5.02,PIN,OVER,Lost,-1
21.12.2020,HOLLAND EERSTE DIVISIE,Jong PSV - Almere City,1:1,1:2,2.02,SIN,UNDER,Lost,-1
21.12.2020,ROMANIA LIGA 1,Steaua Bucharest - ACS Sepsi OSK Sfantul Gheorghe,1:1,1:1,2.31,SIN,OVER,Lost,-1
21.12.2020,*ENGLISH PREMIER LEAGUE,Chelsea - West Ham United,1:0,3:0,2.17,SIN,OVER,Won,1.17
22.12.2020,CZECH REPUBLIC FIRST LEAGUE,SK Sigma Olomouc - FK Jablonec,1:2,1:3,1.97,PIN,OVER,Won,0.97
22.12.2020,CZECH REPUBLIC FIRST LEAGUE,Sparta Prague - Slovan Liberec,1:1,1:1,3.222,P88,OVER,Lost,-1
22.12.2020,*SPAIN LA LIGA,Elche CF - CA Osasuna,1:2,2:2,2.111,P88,OVER,Won,1.11
22.12.2020,*SPAIN LA LIGA,Valencia - Sevilla,0:0,0:1,1.8,SIN,UNDER,Lost,-1
22.12.2020,NORWAY ELITESERIEN,Kristiansund BK - Haugesund,1:2,1:3,3.2,PIN,OVER,Won,2.2
22.12.2020,NORWAY ELITESERIEN,Sandefjord - Rosenborg BK,0:0,0:0,1.93,P88,UNDER,Won,0.93
22.12.2020,SWITZERLAND CHALLENGE LEAGUE,Stade Lausanne Ouchy - Wil 1900,1:0,1:0,2.285,P88,OVER,Lost,-1
22.12.2020,*ITALY SERIE A,Crotone - Parma FC,2:1,2:1,5.4,PIN,OVER,Lost,-1
22.12.2020,SWITZERLAND CHALLENGE LEAGUE,Chiasso - Schaffhausen,0:1,0:2,2.01,SIN,OVER,Won,1.01
22.12.2020,SWITZERLAND CHALLENGE LEAGUE,Neuchatel Xamax - Winterthur,1:0,2:0,1.876,P88,OVER,Won,0.88
23.12.2020,CZECH REPUBLIC FIRST LEAGUE,FC Zbrojovka Brno - Banik Ostrava,0:1,0:1,2.22,PIN,OVER,Lost,-1
23.12.2020,CZECH REPUBLIC FIRST LEAGUE,MFK Karvina - Pardubice,0:2,0:2,2.06,PIN,OVER,Lost,-1
23.12.2020,TURKEY SUPER LEAGUE,Kasimpasa SK - Gaziantep BB SK,0:3,0:4,1.908,P88,OVER,Won,0.91
23.12.2020,CZECH REPUBLIC FIRST LEAGUE,Viktoria Plzen - Slavia Prague,0:1,0:1,2.04,SIN,OVER,Lost,-1
23.12.2020,SWITZERLAND SUPER LEAGUE,Luzern - FC Basel,1:2,1:2,3.45,PIN,OVER,Lost,-1
23.12.2020,SWITZERLAND SUPER LEAGUE,Servette - FC Vaduz,1:0,1:1,1.948,P88,OVER,Won,0.95
23.12.2020,HOLLAND EREDIVISIE,Willem II - Ajax,1:1,1:1,2.74,PIN,UNDER,Won,1.74
23.12.2020,FRANCE LIGUE 1,Lens - Brest,2:0,2:1,1.972,P88,OVER,Won,0.97
23.12.2020,FRANCE LIGUE 1,Nice - Lorient,2:1,2:2,2.076,P88,OVER,Won,1.08
23.12.2020,FRANCE LIGUE 1,Bordeaux - Reims,1:2,1:3,2.137,P88,OVER,Won,1.14
23.12.2020,*ITALY SERIE A,Hellas Verona - Inter Milan,1:2,1:2,2.08,SIN,OVER,Lost,-1
23.12.2020,FRANCE LIGUE 1,Rennes - Metz,1:0,1:0,2.21,SIN,OVER,Lost,-1
23.12.2020,*SPAIN LA LIGA,Real Madrid - Granada CF,1:0,2:0,1.934,PIN,OVER,Won,0.93
23.12.2020,HOLLAND EREDIVISIE,Groningen - Heracles Almelo,0:0,0:1,2.47,SIN,OVER,Won,1.47
23.12.2020,SWITZERLAND SUPER LEAGUE,FC Zurich - Sion,0:0,0:0,1.773,P88,UNDER,Won,0.77
23.12.2020,SWITZERLAND SUPER LEAGUE,Lugano - Lausanne,0:0,0:0,2.42,P88,OVER,Lost,-1
23.12.2020,*ITALY SERIE A,Bologna - Atalanta,1:2,2:2,2.011,P88,OVER,Won,1.01
23.12.2020,*ITALY SERIE A,AC Milan - Lazio,2:2,3:2,2.13,PIN,OVER,Won,1.13
23.12.2020,HOLLAND EREDIVISIE,Feyenoord - Heerenveen,2:0,3:0,1.724,PIN,OVER,Won,0.72
23.12.2020,FRANCE LIGUE 1,Montpellier HSC - Lille,2:2,2:3,2.251,P88,OVER,Won,1.25
23.12.2020,*ITALY SERIE A,Sampdoria - Sassuolo,1:3,2:3,1.8,PIN,OVER,Won,0.8
23.12.2020,FRANCE LIGUE 1,Lyon - Nantes,3:0,3:0,2.434,P88,OVER,Lost,-1
23.12.2020,FRANCE LIGUE 1,Angers SCO - Marseille,2:0,2:1,2.298,P88,OVER,Won,1.3
23.12.2020,*ITALY SERIE A,Spezia - Genoa,1:2,1:2,2.14,SIN,OVER,Lost,-1
24.12.2020,TURKEY SUPER LEAGUE,Ankaragucu - Besiktas JK,0:1,0:1,2.91,PIN,OVER,Lost,-1
24.12.2020,TURKEY SUPER LEAGUE,Rizespor - Antalyaspor,2:1,2:1,2.01,PIN,OVER,Lost,-1
24.12.2020,TURKEY SUPER LEAGUE,Sivasspor - Genclerbirligi SK,2:0,3:1,2.56,PIN,OVER,Won,1.56
26.12.2020,TURKEY TFF FIRST LEAGUE,Boluspor - Istanbulspor Region,0:1,0:2,2,SIN,OVER,Won,1
26.12.2020,*ENGLISH PREMIER LEAGUE,Leicester City - Manchester United,1:1,2:2,1.83,SIN,UNDER,Lost,-1
26.12.2020,BELGIUM FIRST DIVISION A,Club Brugge - Eupen,2:0,3:0,1.7,SIN,OVER,Won,0.7
26.12.2020,*ENGLISH PREMIER LEAGUE,Fulham - Southampton,0:0,0:0,2.33,PIN,OVER,Lost,-1
26.12.2020,BELGIUM FIRST DIVISION A,SV Zulte-Waregem - Cercle Brugge,0:0,1:0,1.881,P88,UNDER,Lost,-1
26.12.2020,*ENGLISH PREMIER LEAGUE,Arsenal - Chelsea,3:0,3:1,2.01,PIN,OVER,Won,1.01
26.12.2020,BELGIUM FIRST DIVISION A,Oud-Heverlee Leuven - Oostende,1:2,1:2,1.859,P88,OVER,Lost,-1
26.12.2020,*ENGLISH PREMIER LEAGUE,Sheffield United - Everton,0:0,0:1,2.42,SIN,OVER,Won,1.42
26.12.2020,*ENGLISH PREMIER LEAGUE,Manchester City - Newcastle United,2:0,2:0,1.734,P88,OVER,Lost,-1
27.12.2020,TURKEY TFF FIRST LEAGUE,Menemen Belediyespor - Keciorengucu,0:0,0:0,1.649,PIN,UNDER,Won,0.65
27.12.2020,*ENGLISH PREMIER LEAGUE,Leeds United - Burnley,1:0,1:0,1.83,SIN,OVER,Lost,-1
27.12.2020,TURKEY TFF FIRST LEAGUE,Akhisar Belediyespor - Giresunspor,0:1,0:1,2.048,P88,OVER,Lost,-1
27.12.2020,TURKEY SUPER LEAGUE,Denizlispor - Ankaragucu,0:2,1:2,2.236,P88,OVER,Won,1.24
27.12.2020,*ENGLISH PREMIER LEAGUE,West Ham United - Brighton and Hove Albion,1:2,2:2,2.011,P88,OVER,Won,1.01
27.12.2020,TURKEY TFF FIRST LEAGUE,Ankaraspor - Samsunspor,1:1,1:2,1.99,PIN,UNDER,Lost,-1
27.12.2020,*ENGLISH PREMIER LEAGUE,Liverpool - West Bromwich Albion,1:0,1:1,1.949,P88,OVER,Won,0.95
27.12.2020,BELGIUM FIRST DIVISION A,Anderlecht - KFCO Beerschot-Wilrijk,2:0,2:0,1.819,P88,OVER,Lost,-1
27.12.2020,BELGIUM FIRST DIVISION A,KV Mechelen - Royal Excel Mouscron Peruwelz,1:1,2:1,2.136,P88,UNDER,Lost,-1
28.12.2020,TURKEY SUPER LEAGUE,Genclerbirligi SK - Kayserispor,2:2,3:2,2.08,PIN,OVER,Won,1.08
28.12.2020,*ENGLISH PREMIER LEAGUE,Crystal Palace - Leicester City,1:0,1:1,2.08,SIN,OVER,Won,1.08
28.12.2020,TURKEY TFF FIRST LEAGUE,Bursaspor - Eskisehirspor,2:0,2:1,1.9,SIN,OVER,Won,0.9
28.12.2020,*ENGLISH PREMIER LEAGUE,Chelsea - Aston Villa,1:1,1:1,2.07,SIN,UNDER,Won,1.07
29.12.2020,*SPAIN LA LIGA,Sevilla - Villarreal CF,2:0,2:0,2.013,P88,OVER,Lost,-1
29.12.2020,*ENGLISH PREMIER LEAGUE,Burnley - Sheffield United,1:0,1:0,2.221,P88,OVER,Lost,-1
29.12.2020,*SPAIN LA LIGA,Barcelona - SD Eibar,1:1,1:1,2.36,PIN,UNDER,Won,1.36
29.12.2020,*ENGLISH PREMIER LEAGUE,Brighton and Hove Albion - Arsenal,0:1,0:1,1.98,SIN,OVER,Lost,-1
29.12.2020,*ENGLISH PREMIER LEAGUE,Manchester United - Wolverhampton Wanderers,0:0,1:0,2.116,P88,UNDER,Lost,-1
29.12.2020,*SPAIN LA LIGA,Cadiz - Real Valladolid CF,0:0,0:0,2.782,P88,OVER,Lost,-1
30.12.2020,TURKEY TFF FIRST LEAGUE,Tuzlaspor - Altay SK,0:0,0:1,2.36,P88,OVER,Won,1.36
30.12.2020,TURKEY TFF FIRST LEAGUE,Adanaspor - Boluspor,2:2,2:3,1.97,SIN,OVER,Won,0.97
30.12.2020,*SPAIN LA LIGA,Granada CF - Valencia,1:1,2:1,2.32,PIN,UNDER,Lost,-1
30.12.2020,*SPAIN LA LIGA,Celta Vigo - Huesca,2:0,2:1,2.206,P88,OVER,Won,1.21
30.12.2020,*SPAIN LA LIGA,Atletico Madrid - Getafe,1:0,1:0,2.31,PIN,OVER,Lost,-1
30.12.2020,*ENGLISH PREMIER LEAGUE,Newcastle United - Liverpool,0:0,0:0,2.191,P88,UNDER,Won,1.19
30.12.2020,*SPAIN LA LIGA,Elche CF - Real Madrid,1:1,1:1,2.19,SIN,UNDER,Won,1.19
31.12.2020,*SPAIN LA LIGA,Athletic Bilbao - Real Sociedad,0:1,0:1,2.09,PIN,OVER,Lost,-1
01.01.2021,ENGLISH CHAMPIONSHIP,Sheffield Wednesday - Derby County,1:0,1:0,2.17,PIN,OVER,Lost,-1
02.01.2021,GERMANY BUNDESLIGA 2,FC Heidenheim - Nurnberg,1:0,2:0,1.99,PIN,OVER,Won,0.99
02.01.2021,TURKEY SUPER LEAGUE,Ankaragucu - Yeni Malatyaspor,2:0,3:1,1.934,PIN,OVER,Won,0.93
02.01.2021,TURKEY SUPER LEAGUE,Alanyaspor - Basaksehir,2:0,3:0,1.833,PIN,OVER,Won,0.83
02.01.2021,*GERMANY BUNDESLIGA,Werder Bremen - Union Berlin,0:2,0:2,2.146,P88,OVER,Lost,-1
02.01.2021,*GERMANY BUNDESLIGA,FC Koln - Augsburg,0:0,0:1,2.43,P88,OVER,Won,1.43
02.01.2021,*GERMANY BUNDESLIGA,TSG Hoffenheim - SC Freiburg,1:3,1:3,1.943,PIN,OVER,Lost,-1
02.01.2021,ENGLISH CHAMPIONSHIP,Norwich City - Barnsley,1:0,1:0,1.99,PIN,OVER,Lost,-1
02.01.2021,NORTHERN IRELAND PREMIERSHIP,Coleraine - Carrick Rangers,1:0,3:0,1.884,PIN,OVER,Won,0.88
02.01.2021,NORTHERN IRELAND PREMIERSHIP,Glenavon FC - Linfield,1:1,1:2,3.26,PIN,UNDER,Lost,-1
02.01.2021,NORTHERN IRELAND PREMIERSHIP,Dungannon Swifts - Cliftonville,1:1,1:2,2.21,PIN,UNDER,Lost,-1
02.01.2021,ENGLISH CHAMPIONSHIP,Birmingham City - Blackburn Rovers,0:1,0:2,2.26,PIN,OVER,Won,1.26
02.01.2021,*ENGLISH PREMIER LEAGUE,Crystal Palace - Sheffield United,2:0,2:0,2.303,P88,OVER,Lost,-1
02.01.2021,ENGLISH CHAMPIONSHIP,Preston - Nottingham Forest,0:1,0:1,2.36,PIN,OVER,Lost,-1
02.01.2021,TURKEY SUPER LEAGUE,Hatayspor - Torku Konyaspor,2:1,2:1,2.129,P88,OVER,Lost,-1
02.01.2021,TURKEY SUPER LEAGUE,Galatasaray - Antalyaspor,0:0,0:0,2.14,PIN,OVER,Lost,-1
02.01.2021,NORTHERN IRELAND PREMIERSHIP,Glentoran - Portadown,2:0,2:1,1.689,PIN,OVER,Won,0.69
02.01.2021,*SPAIN LA LIGA,Getafe - Real Valladolid CF,0:1,0:1,2.21,SIN,OVER,Lost,-1
02.01.2021,*GERMANY BUNDESLIGA,Hertha Berlin - Schalke 04,2:0,3:0,1.82,SIN,OVER,Won,0.82
02.01.2021,*SPAIN LA LIGA,Real Madrid - Celta Vigo,2:0,2:0,2.001,P88,OVER,Lost,-1
03.01.2021,TURKEY SUPER LEAGUE,Rizespor - Genclerbirligi SK,1:1,1:1,1.96,SIN,UNDER,Won,0.96
03.01.2021,TURKEY TFF FIRST LEAGUE,Bandirmaspor - Altay,1:0,2:0,2.2,SIN,OVER,Won,1.2
03.01.2021,GERMANY BUNDESLIGA 2,Erzgebirge Aue - Eintracht Braunschweig,2:1,3:1,1.97,PIN,OVER,Won,0.97
03.01.2021,GERMANY BUNDESLIGA 2,Greuther Furth - St Pauli,2:0,2:1,1.9,PIN,OVER,Won,0.9
03.01.2021,GERMANY BUNDESLIGA 2,Holstein Kiel - Osnabruck,0:2,1:2,1.986,P88,OVER,Won,0.99
03.01.2021,GERMANY BUNDESLIGA 2,Hannover 96 - SV Sandhausen 1916,3:0,4:0,2.05,PIN,OVER,Won,1.05
03.01.2021,*SPAIN LA LIGA,Athletic Bilbao - Elche CF,1:0,1:0,2.05,PIN,OVER,Lost,-1
03.01.2021,TURKEY TFF FIRST LEAGUE,Giresunspor - Tuzlaspor,1:0,3:0,2.184,P88,OVER,Won,1.18
03.01.2021,GREECE SUPER LEAGUE 1,Panathinaikos - Asteras Tripolis,0:0,0:0,2.466,P88,OVER,Lost,-1
03.01.2021,GREECE SUPER LEAGUE 1,Panetolikos - OFI Crete,0:1,2:1,2.175,P88,OVER,Won,1.17
03.01.2021,*ITALY SERIE A,Genoa - Lazio,1:1,1:1,1.967,P88,UNDER,Won,0.97
03.01.2021,*ITALY SERIE A,Fiorentina - Bologna,0:0,0:0,2.68,PIN,OVER,Lost,-1
03.01.2021,*ENGLISH PREMIER LEAGUE,Newcastle United - Leicester City,0:2,1:2,2.08,PIN,OVER,Won,1.08
03.01.2021,GREECE SUPER LEAGUE 1,AE Larissa - PAOK,1:0,1:1,1.83,SIN,OVER,Won,0.83
03.01.2021,GREECE SUPER LEAGUE 1,PAS Giannina - Apollon Smyrnis,1:2,1:3,2.2,SIN,OVER,Won,1.2
03.01.2021,GREECE SUPER LEAGUE 1,Olympiacos - AEK Athens,2:0,3:0,2.278,P88,OVER,Won,1.28
03.01.2021,*SPAIN LA LIGA,SD Eibar - Granada CF,1:0,2:0,2.51,SIN,OVER,Won,1.51
03.01.2021,*ITALY SERIE A,Juventus - Udinese,3:0,4:1,2.03,PIN,OVER,Won,1.03
04.01.2021,GREECE SUPER LEAGUE 1,Volos NFC - Atromitos,1:0,1:0,2.126,P88,OVER,Lost,-1
04.01.2021,TURKEY SUPER LEAGUE,Kasimpasa SK - Fenerbahce,0:2,0:3,1.879,P88,OVER,Won,0.88
04.01.2021,GREECE SUPER LEAGUE 1,PAS Lamia 1964 - Aris Thessaloniki,2:0,2:0,2.615,P88,OVER,Lost,-1
04.01.2021,HOLLAND EERSTE DIVISIE,Jong AZ Alkmaar - Roda JC Kerkrade,0:1,0:1,1.909,PIN,OVER,Lost,-1
04.01.2021,GERMANY BUNDESLIGA 2,Fortuna Dusseldorf - SC Paderborn 07,2:0,2:1,1.687,P88,OVER,Won,0.69
04.01.2021,HOLLAND EERSTE DIVISIE,Jong Utrecht - Den Bosch,3:1,3:1,4.95,PIN,OVER,Lost,-1
04.01.2021,*ENGLISH PREMIER LEAGUE,Southampton - Liverpool,1:0,1:0,1.735,PIN,OVER,Lost,-1
04.01.2021,*SPAIN LA LIGA,Valencia - Cadiz,0:1,1:1,2.136,P88,OVER,Won,1.14
05.01.2021,TURKEY SUPER LEAGUE,Yeni Malatyaspor - Sivasspor,2:2,2:2,1.98,PIN,OVER,Lost,-1
05.01.2021,TURKEY SUPER LEAGUE,Gaziantep BB SK - Ankaragucu,1:0,2:0,2.166,P88,OVER,Won,1.17
06.01.2021,TURKEY SUPER LEAGUE,Denizlispor - Kayserispor,0:1,0:1,3.493,P88,OVER,Lost,-1
06.01.2021,*ITALY SERIE A,Cagliari - Benevento,1:2,1:2,1.852,P88,OVER,Lost,-1
06.01.2021,TURKEY SUPER LEAGUE,Trabzonspor - Goztepe,1:0,1:0,1.961,PIN,OVER,Lost,-1
06.01.2021,TURKEY SUPER LEAGUE,Basaksehir - Erzurum BB Spor,1:0,1:0,1.9,SIN,OVER,Lost,-1
06.01.2021,*ITALY SERIE A,Sassuolo - Genoa,1:1,2:1,1.91,SIN,UNDER,Lost,-1
06.01.2021,*ITALY SERIE A,Crotone - AS Roma,1:3,1:3,1.99,SIN,OVER,Lost,-1
06.01.2021,*ITALY SERIE A,Atalanta - Parma Calcio,3:0,3:0,1.83,SIN,OVER,Lost,-1
06.01.2021,*ITALY SERIE A,Torino - Hellas Verona,0:1,1:1,2.1,PIN,OVER,Won,1.1
06.01.2021,GREECE SUPER LEAGUE 1,AEK Athens - Panetolikos,1:0,1:0,1.98,P88,OVER,Lost,-1
06.01.2021,GREECE SUPER LEAGUE 1,AE Larissa - PAS Giannina,0:0,0:0,2.49,SIN,OVER,Lost,-1
06.01.2021,TURKEY SUPER LEAGUE,Besiktas JK - Rizespor,3:0,6:0,1.925,PIN,OVER,Won,0.93
06.01.2021,TURKEY SUPER LEAGUE,Antalyaspor - Karagumruk,3:1,3:1,2.515,P88,OVER,Lost,-1
06.01.2021,*ITALY SERIE A,Napoli - Spezia,1:1,1:2,2.36,PIN,UNDER,Lost,-1
06.01.2021,GREECE SUPER LEAGUE 1,Asteras Tripolis - Olympiacos CFP,0:2,0:4,2.03,P88,OVER,Won,1.03
06.01.2021,FRANCE LIGUE 1,Metz - Bordeaux,0:0,0:0,2.59,PIN,OVER,Lost,-1
06.01.2021,FRANCE LIGUE 1,Brest - Nice,2:0,2:0,2.01,PIN,OVER,Lost,-1
06.01.2021,FRANCE LIGUE 1,Nantes - Rennes,0:0,0:0,2.383,P88,OVER,Lost,-1
06.01.2021,*ITALY SERIE A,AC Milan - Juventus,1:2,1:3,1.963,P88,OVER,Won,0.96
06.01.2021,FRANCE LIGUE 1,Lille - Angers,1:2,1:2,2.291,P88,OVER,Lost,-1
06.01.2021,FRANCE LIGUE 1,Lyon - Lens,3:1,3:2,2.479,P88,OVER,Won,1.48
06.01.2021,FRANCE LIGUE 1,Marseille - Montpellier,1:1,3:1,2.251,P88,OVER,Won,1.25
06.01.2021,FRANCE LIGUE 1,Reims - Dijon,0:0,0:0,2.555,P88,OVER,Lost,-1
06.01.2021,*SPAIN LA LIGA,Athletic Bilbao - Barcelona,1:3,2:3,1.829,P88,OVER,Won,0.83
07.01.2021,GREECE SUPER LEAGUE 1,Aris Thessaloniki - Volos NFC,1:0,2:0,2.22,PIN,OVER,Won,1.22
07.01.2021,GREECE SUPER LEAGUE 1,OFI Crete - PAS Lamia,1:0,2:0,2.38,SIN,OVER,Won,1.38
07.01.2021,TURKEY SUPER LEAGUE,Fenerbahce - Alanyaspor,2:0,2:1,1.9,SIN,OVER,Won,0.9
07.01.2021,GREECE SUPER LEAGUE 1,Atromitos Athens - PAOK,1:1,3:2,2.068,P88,UNDER,Lost,-1
08.01.2021,GERMANY BUNDESLIGA 2,SV Sandhausen 1916 - FC Heidenheim,3:0,4:0,1.97,PIN,OVER,Won,0.97
08.01.2021,GERMANY BUNDESLIGA 2,Karlsruher SC - Greuther Furth,2:2,3:2,2.01,PIN,OVER,Won,1.01
08.01.2021,HOLLAND EERSTE DIVISIE,Maastricht - Jong FC Utrecht,0:2,0:2,1.806,PIN,OVER,Lost,-1
08.01.2021,HOLLAND EERSTE DIVISIE,De Graafschap - Telstar,2:0,2:0,2.039,P88,OVER,Lost,-1
08.01.2021,*GERMANY BUNDESLIGA,Borussia Monchengladbach - Bayern Munchen,3:2,3:2,1.594,P88,OVER,Lost,-1
08.01.2021,HOLLAND EERSTE DIVISIE,NAC Breda - Roda JC,1:2,2:2,2.088,P88,OVER,Won,1.09
08.01.2021,HOLLAND EERSTE DIVISIE,Almere City - FC Eindhoven,0:0,0:0,1.84,SIN,UNDER,Won,0.84
08.01.2021,HOLLAND EERSTE DIVISIE,Cambuur Leeuwaarden - Volendam,0:0,0:1,2.21,P88,UNDER,Lost,-1
09.01.2021,TURKEY SUPER LEAGUE,Sivasspor - Gaziantep BB SK,2:1,2:1,2.123,P88,OVER,Lost,-1
09.01.2021,GERMANY BUNDESLIGA 2,St Pauli - Holstein Kiel,1:1,1:1,4.09,PIN,OVER,Lost,-1
09.01.2021,GERMANY BUNDESLIGA 3,FC Magdeburg - Uerdingen,1:1,1:1,2.19,PIN,OVER,Lost,-1
09.01.2021,GERMANY BUNDESLIGA 3,SV Meppen - Saarbrucken,1:0,1:0,1.98,PIN,OVER,Lost,-1
09.01.2021,GERMANY BUNDESLIGA 3,Hansa Rostock - SpVgg Unterhaching,1:0,1:0,2.21,PIN,OVER,Lost,-1
09.01.2021,GERMANY BUNDESLIGA 3,Wehen Wiesbaden - Hallescher,0:1,1:1,2.07,PIN,OVER,Won,1.07
09.01.2021,GERMANY BUNDESLIGA 3,Bayern Munich II - 1860 Munich,0:1,0:2,2.4,P88,OVER,Won,1.4
09.01.2021,TURKEY SUPER LEAGUE,Goztepe - Antalyaspor,0:0,0:1,2.303,P88,OVER,Won,1.3
09.01.2021,TURKEY SUPER LEAGUE,Kayserispor - Yeni Malatyaspor,1:0,1:0,1.909,P88,OVER,Lost,-1
09.01.2021,TURKEY SUPER LEAGUE,Kayserispor - Yeni Malatyaspor,1:0,1:0,1.909,P88,OVER,Lost,-1
09.01.2021,HOLLAND EERSTE DIVISIE,Jong Ajax - Helmond Sport,2:2,2:2,2.179,P88,UNDER,Won,1.18
09.01.2021,*ITALY SERIE A,Benevento - Atalanta,1:3,1:4,2.99,PIN,OVER,Won,1.99
09.01.2021,*GERMANY BUNDESLIGA,Union Berlin - VfL Wolfsburg,2:2,2:2,2.17,SIN,OVER,Lost,-1
09.01.2021,*GERMANY BUNDESLIGA,FSV Mainz 05 - Eintracht Frankfurt,0:2,0:2,2.28,PIN,OVER,Lost,-1
09.01.2021,HOLLAND EREDIVISIE,RKC Waalwijk - ADO Den Haag,0:1,0:1,2.46,PIN,OVER,Lost,-1
09.01.2021,*ITALY SERIE A,Genoa - Bologna,2:0,2:0,1.982,P88,OVER,Lost,-1
09.01.2021,*GERMANY BUNDESLIGA,RB Leipzig - Borussia Dortmund,0:2,1:3,1.837,P88,OVER,Won,0.84
09.01.2021,HOLLAND EREDIVISIE,Heracles Almelo - Vitesse,0:1,0:2,1.99,PIN,OVER,Won,0.99
09.01.2021,*ITALY SERIE A,AC Milan - Torino,2:0,2:0,1.952,PIN,OVER,Lost,-1
09.01.2021,FRANCE LIGUE 1,Nimes - Lille,0:1,0:1,2.14,PIN,OVER,Lost,-1
09.01.2021,HOLLAND EREDIVISIE,FC Utrecht - Groningen,1:2,2:2,1.9,PIN,OVER,Won,0.9
09.01.2021,FRANCE LIGUE 1,Dijon - Marseille,0:0,0:0,2.35,SIN,OVER,Lost,-1
09.01.2021,FRANCE LIGUE 1,Metz - Nice,0:1,1:1,2.221,P88,OVER,Won,1.22
09.01.2021,FRANCE LIGUE 1,Reims - Saint Etienne,3:1,3:1,2.011,P88,OVER,Lost,-1
09.01.2021,FRANCE LIGUE 1,Montpellier - Nantes,1:1,1:1,2.39,P88,OVER,Lost,-1
09.01.2021,FRANCE LIGUE 1,Lens - Strasbourg,0:1,0:1,2.168,P88,OVER,Lost,-1
09.01.2021,FRANCE LIGUE 1,AS Monaco - Angers,2:0,3:0,1.948,P88,OVER,Won,0.95
10.01.2021,TURKEY SUPER LEAGUE,Karagumruk - Torku Konyaspor,1:0,2:1,1.908,P88,OVER,Won,0.91
10.01.2021,*ITALY SERIE A,AS Roma - Inter Milan,1:2,2:2,1.909,PIN,OVER,Won,0.91
10.01.2021,GERMANY BUNDESLIGA 2,SC Paderborn 07 - Erzgebirge Aue,2:1,2:1,4.07,PIN,OVER,Lost,-1
10.01.2021,GERMANY BUNDESLIGA 2,Jahn Regensburg - VfL Bochum,0:0,0:2,2.328,P88,OVER,Won,1.33
10.01.2021,GERMANY BUNDESLIGA 2,SV Darmstadt 98 - Hannover 96,1:2,1:2,1.819,PIN,OVER,Lost,-1
10.01.2021,TURKEY SUPER LEAGUE,Rizespor - Denizlispor,0:1,1:1,1.9,PIN,OVER,Won,0.9
10.01.2021,TURKEY SUPER LEAGUE,Ankaragucu - Basaksehir,1:2,1:2,2.15,PIN,OVER,Lost,-1
10.01.2021,HOLLAND EREDIVISIE,SC Heerenveen - Fortuna Sittard,1:3,1:3,3.06,PIN,OVER,Lost,-1
10.01.2021,*SPAIN LA LIGA,Levante UD - Eibar,1:1,2:1,2.207,P88,OVER,Won,1.21
10.01.2021,HOLLAND EREDIVISIE,VVV Venlo - Willem II Tilburg,0:1,2:1,1.9,SIN,OVER,Won,0.9
10.01.2021,*ITALY SERIE A,Hellas Verona - Crotone,2:1,2:1,2.65,PIN,OVER,Lost,-1
10.01.2021,BELGIUM FIRST DIVISION A,Beerschot VA - KAA Gent,1:1,1:1,1.9,SIN,UNDER,Won,0.9
10.01.2021,GREECE SUPER LEAGUE,Apollon Smirnis - Asteras Tripolis,0:1,0:1,2.35,SIN,OVER,Lost,-1
10.01.2021,*SPAIN LA LIGA,Cadiz - Alaves,3:1,3:1,2.16,SIN,OVER,Lost,-1
10.01.2021,HOLLAND EREDIVISIE,Ajax Amsterdam - PSV Eindhoven,2:2,2:2,2.24,PIN,UNDER,Won,1.24
10.01.2021,TURKEY SUPER LEAGUE,Hatayspor - Besiktas JK,2:2,2:2,1.951,P88,OVER,Lost,-1
10.01.2021,*GERMANY BUNDESLIGA,Arminia Bielefeld - Hertha Berlin,1:0,1:0,1.9,SIN,OVER,Lost,-1
10.01.2021,BELGIUM FIRST DIVISION A,Oud-Heverlee Leuven - Anderlecht,0:0,1:0,1.952,PIN,UNDER,Lost,-1
10.01.2021,*ITALY SERIE A,Fiorentina - Cagliari,1:0,1:0,2.041,P88,OVER,Lost,-1
10.01.2021,GREECE SUPER LEAGUE,Panathinaikos - Larissa,1:0,2:0,2.12,SIN,OVER,Won,1.12
10.01.2021,HOLLAND EERSTE DIVISIE,Go Ahead Eagles - TOP Oss,0:0,1:0,2.53,SIN,OVER,Won,1.53
10.01.2021,BELGIUM FIRST DIVISION A,Sint Truidense VV - Club Brugge,1:2,1:2,1.909,P88,OVER,Lost,-1
11.01.2021,TURKEY SUPER LEAGUE,Erzurum BB Spor - Fenerbahce,0:3,0:3,1.972,P88,OVER,Lost,-1
11.01.2021,GREECE SUPER LEAGUE,Giannina - Aris Thessaloniki,0:0,0:0,2.536,P88,OVER,Lost,-1
11.01.2021,TURKEY TFF FIRST LEAGUE,Akhisar Belediyespor - Adanaspor,0:0,0:1,1.93,SIN,UNDER,Lost,-1
11.01.2021,GREECE SUPER LEAGUE,Lamia - AEK Athens,0:1,0:1,2.49,SIN,OVER,Lost,-1
11.01.2021,HOLLAND EERSTE DIVISIE,Den Bosch - Jong AZ Alkmaar,1:2,1:2,3.61,PIN,OVER,Lost,-1
11.01.2021,*SPAIN LA LIGA,Elche - Getafe,1:2,1:3,2.168,P88,OVER,Won,1.17
11.01.2021,GERMANY BUNDESLIGA 2,Eintracht Braunschweig - Fortuna Dusseldorf,0:0,0:0,2.477,P88,OVER,Lost,-1
11.01.2021,*ITALY SERIE A,Spezia - Sampdoria,2:1,2:1,1.97,SIN,OVER,Lost,-1
12.01.2021,TURKEY CUP,Bursaspor - Antalyaspor,0:3,0:3,2.086,P88,OVER,Lost,-1
12.01.2021,TURKEY CUP,Sivasspor - Adana Demirspor,1:1,1:1,2.071,P88,UNDER,Won,1.07
12.01.2021,HOLLAND EREDIVISIE,Vitesse Arnhem - FC Utrecht,1:0,1:0,1.99,PIN,OVER,Lost,-1
12.01.2021,TURKEY CUP,Yeni Malatyaspor - Galatasaray SK,0:0,0:0,2.35,SIN,OVER,Lost,-1
12.01.2021,*ENGLISH PREMIER LEAGUE,Sheffield United - Newcastle United,1:0,1:0,1.909,P88,OVER,Lost,-1
12.01.2021,*SPAIN LA LIGA,Granada CF - Osasuna,2:0,2:0,2.26,SIN,OVER,Lost,-1
12.01.2021,ENGLISH CHAMPIONSHIP,Luton Town - Queens Park Rangers,0:1,0:2,1.91,SIN,OVER,Won,0.91
13.01.2021,TURKEY CUP,Konyaspor - Gaziantep,2:0,2:1,1.866,P88,OVER,Won,0.87
13.01.2021,TURKEY CUP,Tuzlaspor (N) - Istanbul Basaksehir,1:3,1:5,1.94,SIN,OVER,Won,0.94
13.01.2021,BELGIUM FIRST DIVISION A,KFCO Beerschot-Wilrijk - Cercle Brugge,1:0,1:1,2.04,SIN,OVER,Won,1.04
13.01.2021,GREECE SUPER LEAGUE,PAOK - Olympiacos Piraeus,1:0,1:1,2.11,SIN,OVER,Won,1.11
13.01.2021,TURKEY CUP,Besiktas JK - Caykur Rizespor,0:0,1:0,1.93,SIN,UNDER,Lost,-1
13.01.2021,*ENGLISH PREMIER LEAGUE,Manchester City - Brighton and Hove Albion,1:0,1:0,1.87,SIN,OVER,Lost,-1
13.01.2021,HOLLAND EREDIVISIE,Fortuna Sittard - Sparta Rotterdam,0:1,0:1,2,SIN,OVER,Lost,-1
13.01.2021,GERMANY CUP,Holstein Kiel - Bayern Munich,1:2,2:2,3.69,PIN,OVER,Won,2.69
13.01.2021,HOLLAND EREDIVISIE,Feyenoord - FC Zwolle,1:0,1:0,1.847,PIN,OVER,Lost,-1
14.01.2021,GREECE SUPER LEAGUE,Atromitos - Lamia,1:1,2:1,2.347,P88,OVER,Won,1.35
14.01.2021,ITALY CUP,Sassuolo - SPAL,0:2,0:2,1.854,PIN,OVER,Lost,-1
14.01.2021,GREECE SUPER LEAGUE,Aris Thessaloniki - AEK Athens,0:1,0:1,2.451,P88,OVER,Lost,-1
14.01.2021,HOLLAND EREDIVISIE,Heerenveen - RKC Waalwijk,1:1,1:1,2.04,P88,UNDER,Won,1.04
14.01.2021,TURKEY CUP,Fenerbahce SK - Kasimpasa,1:0,1:0,1.808,P88,OVER,Lost,-1
14.01.2021,*ENGLISH PREMIER LEAGUE,Arsenal - Crystal Palace,0:0,0:0,1.913,P88,UNDER,Won,0.91
14.01.2021,HOLLAND EREDIVISIE,Willem II - Groningen,1:1,2:3,2.162,P88,OVER,Won,1.16
14.01.2021,ITALY CUP,Atalanta BC - Cagliari,3:1,3:1,2.88,PIN,OVER,Lost,-1
15.01.2021,TURKEY SUPER LEAGUE,Genclerbirligi SK - Karagumruk,1:2,1:3,1.877,PIN,OVER,Won,0.88
15.01.2021,GERMANY BUNDESLIGA 2,Greuther Furth - SC Paderborn 07,1:1,1:1,2.05,PIN,UNDER,Won,1.05
15.01.2021,HOLLAND EERSTE DIVISIE,Excelsior - FC Eindhoven,1:0,1:0,1.806,PIN,OVER,Lost,-1
15.01.2021,HOLLAND EERSTE DIVISIE,Dordrecht - Volendam,0:0,0:0,2.076,P88,UNDER,Won,1.08
15.01.2021,*GERMANY BUNDESLIGA,Union Berlin - Bayer Leverkusen,0:0,1:0,2.686,P88,OVER,Won,1.69
15.01.2021,HOLLAND EERSTE DIVISIE,Go Ahead Eagles - MVV Maastricht,2:0,3:0,1.961,PIN,OVER,Won,0.96
15.01.2021,FRANCE LIGUE 1,Montpellier - AS Monaco,2:3,2:3,1.849,P88,OVER,Lost,-1
16.01.2021,TURKEY SUPER LEAGUE,Torku Konyaspor - Goztepe,2:3,2:3,1.854,PIN,OVER,Lost,-1
16.01.2021,GERMANY BUNDESLIGA 2,Erzgebirge Aue - Fortuna Dusseldorf,0:1,0:3,1.98,SIN,OVER,Won,0.98
16.01.2021,GERMANY BUNDESLIGA 2,Hannover 96 - St. Pauli,2:2,2:3,2.04,SIN,OVER,Won,1.04
16.01.2021,*ENGLISH PREMIER LEAGUE,Wolverhampton Wanderers - West Bromwich Albion,2:3,2:3,1.97,PIN,OVER,Lost,-1
16.01.2021,ENGLISH CHAMPIONSHIP,Middlesbrough - Birmingham City,0:1,0:1,2.84,PIN,OVER,Lost,-1
16.01.2021,CZECH REPUBLIC FIRST LEAGUE,Opava - Fastav Zlin,0:0,0:0,2.721,P88,OVER,Lost,-1
16.01.2021,CZECH REPUBLIC FIRST LEAGUE,Mlada Boleslav - FC Zbrojovka Brno,1:1,1:1,2.261,P88,OVER,Lost,-1
16.01.2021,*ITALY SERIE A,Bologna - Hellas Verona FC,1:0,1:0,2.11,SIN,OVER,Lost,-1
16.01.2021,*GERMANY BUNDESLIGA,FC Koln - Hertha Berlin,0:0,0:0,2.56,SIN,OVER,Lost,-1
16.01.2021,*GERMANY BUNDESLIGA,Hoffenheim - Arminia Bielefeld,0:0,0:0,1.8,SIN,UNDER,Won,0.8
16.01.2021,*GERMANY BUNDESLIGA,Wolfsburg - RB Leipzig,2:2,2:2,2.1,PIN,OVER,Lost,-1
16.01.2021,*GERMANY BUNDESLIGA,Werder Bremen - Augsburg,0:0,2:0,2.584,P88,OVER,Won,1.58
16.01.2021,*ENGLISH PREMIER LEAGUE,West Ham United - Burnley,1:0,1:0,2.03,SIN,OVER,Lost,-1
16.01.2021,*ENGLISH PREMIER LEAGUE,Leeds United - Brighton and Hove Albion,0:1,0:1,1.943,PIN,OVER,Lost,-1
16.01.2021,CZECH REPUBLIC FIRST LEAGUE,Slovan Liberec - Bohemians 1905,1:1,1:1,2.506,P88,OVER,Lost,-1
16.01.2021,CZECH REPUBLIC FIRST LEAGUE,FC Slovacko - MFK Karvina,2:0,2:0,2.28,PIN,OVER,Lost,-1
16.01.2021,ENGLISH CHAMPIONSHIP,Bournemouth - Luton Town,0:1,0:1,2.12,PIN,OVER,Lost,-1
16.01.2021,ENGLISH CHAMPIONSHIP,Blackburn Rovers - Stoke City,0:1,1:1,2.11,PIN,OVER,Won,1.11
16.01.2021,ENGLISH CHAMPIONSHIP,Bristol City - Preston,1:0,2:0,2.186,P88,OVER,Won,1.19
16.01.2021,HOLLAND EREDIVISIE,Emmen - Vitesse Arnhem,1:3,1:4,3.012,P88,OVER,Won,2.01
16.01.2021,TURKEY SUPER LEAGUE,Antalyaspor - Trabzonspor,1:0,1:1,1.88,SIN,OVER,Won,0.88
16.01.2021,FRANCE LIGUE 1,Marseille - Nimes,0:2,1:2,1.937,P88,OVER,Won,0.94
16.01.2021,CZECH REPUBLIC FIRST LEAGUE,Slavia Prague - SK Sigma Olomouc,3:1,3:1,2.148,P88,OVER,Lost,-1
16.01.2021,*GERMANY BUNDESLIGA,Stuttgart - Borussia Monchengladbach,1:2,2:2,2.344,P88,OVER,Won,1.34
16.01.2021,BELGIUM FIRST DIVISION A,Mouscron Peruwelz - Genk,2:0,2:0,2.042,P88,OVER,Lost,-1
16.01.2021,HOLLAND EREDIVISIE,FC Zwolle - Fortuna Sittard,0:1,0:2,2.39,PIN,OVER,Won,1.39
16.01.2021,HOLLAND EREDIVISIE,FC Utrecht - Heracles Almelo,2:0,2:0,2.164,P88,OVER,Lost,-1
16.01.2021,*ITALY SERIE A,Sampdoria - Udinese,1:1,2:1,2.29,P88,OVER,Won,1.29
16.01.2021,HOLLAND EREDIVISIE,AZ Alkmaar - ADO Den Haag,1:1,2:1,2.47,SIN,UNDER,Lost,-1
16.01.2021,*ENGLISH PREMIER LEAGUE,Leicester City - Southampton,1:0,2:0,1.9,SIN,OVER,Won,0.9
16.01.2021,FRANCE LIGUE 1,Angers - Paris Saint Germain,0:1,0:1,2.65,P88,OVER,Lost,-1
